email,gender,name
fpyford0@youtube.com,Female,Fredelia
mstookes1@cdc.gov,Male,Maddy
cbucksey2@google.ca,Male,Craig
wtyrwhitt3@ehow.com,Female,Windy
cwhittingham4@home.pl,Male,Cyrille
dgoggen5@qq.com,Female,Dana
imackissack6@weebly.com,Female,Isahella
agiovani7@linkedin.com,Female,Abbye
iclaybourne8@hud.gov,Female,Ira
dhemms9@netscape.com,Female,Dotty
mhagertya@hud.gov,Male,Merill
alarrettb@webs.com,Female,Angela
bboldrac@examiner.com,Male,Bondon
kgiamittid@angelfire.com,Male,Kippy
bbaloge@uol.com.br,Female,Bethina
bsteensonf@miibeian.gov.cn,Male,Barry
dsandbachg@plala.or.jp,Female,Dody
jingarfieldh@cocolog-nifty.com,Female,Janaye
pskaidi@usatoday.com,Female,Phillida
gforrestallj@elegantthemes.com,Agender,Gasparo
jlindgrenk@sciencedirect.com,Female,Jammie
glymbournel@unesco.org,Female,Georgia
jmacgovernm@discovery.com,Female,Jeniffer
gsealandn@gov.uk,Female,Gerianne
lfolcao@quantcast.com,Female,Lorrin
lhullep@altervista.org,Male,Lenard
hdorkingq@imageshack.us,Male,Harwell
edoddemeader@gmpg.org,Female,Edythe
lnorssisters@ebay.com,Female,Lotty
brubenczykt@amazon.de,Female,Bobinette
strippettu@godaddy.com,Agender,Sylas
rscarrisbrickv@woothemes.com,Male,Royce
gcuredellw@so-net.ne.jp,Male,Griffith
alonglandx@123-reg.co.uk,Female,Amelita
ihalsworthy@ocn.ne.jp,Genderfluid,Imogen
dhartlyz@nhs.uk,Male,Darin
btolwood10@angelfire.com,Genderqueer,Bill
itoppin11@amazon.com,Female,Irena
wzoppo12@cisco.com,Male,Willdon
nfearneley13@wufoo.com,Female,Nola
pkeetch14@sina.com.cn,Male,Paddie
amartignoni15@miibeian.gov.cn,Male,Alphonso
spopple16@wisc.edu,Female,Sheree
creen17@wunderground.com,Female,Carrie
gthornley18@usgs.gov,Male,Granville
mluckwell19@nydailynews.com,Male,Marietta
adriussi1a@arizona.edu,Male,Abelard
mchastand1b@lycos.com,Male,Milton
jmccalister1c@is.gd,Female,Josephina
gsnoxell1d@ehow.com,Male,Graehme
rrillett1e@marketwatch.com,Female,Rozalin
kmunson1f@time.com,Female,Kay
acamblin1g@parallels.com,Female,Anetta
nspendlove1h@mysql.com,Male,Nester
mhelstrip1i@123-reg.co.uk,Female,Morganica
bgruszka1j@dagondesign.com,Female,Bernadene
jtisor1k@google.cn,Female,Janaye
jplante1l@yahoo.com,Female,Jeni
akoche1m@bandcamp.com,Female,Arabel
kmatantsev1n@who.int,Female,Katy
aburkhill1o@edublogs.org,Female,Ariana
cdiruggiero1p@samsung.com,Polygender,Carlin
ademanche1q@unesco.org,Male,Augusto
rdunnet1r@telegraph.co.uk,Male,Rem
todrought1s@123-reg.co.uk,Male,Tobie
gkelloch1t@ask.com,Female,Georgena
jbrotherhood1u@oakley.com,Male,Jamaal
csparshutt1v@ameblo.jp,Male,Chandler
jnassau1w@plala.or.jp,Female,Janina
ngonsalvez1x@aol.com,Female,Nance
xbrammer1y@bloglines.com,Male,Xymenes
ashale1z@so-net.ne.jp,Female,Ainslee
lcraggs20@time.com,Female,Laina
onodes21@senate.gov,Male,Odell
zselwood22@mlb.com,Female,Zorine
lgiurio23@microsoft.com,Male,Loy
mshoutt24@yolasite.com,Genderqueer,Marisa
tpetticrow25@google.com.au,Male,Tobiah
bkunc26@ning.com,Female,Bettye
bmarquot27@scientificamerican.com,Male,Bank
jcattanach28@moonfruit.com,Female,Janith
vdunlea29@sciencedirect.com,Female,Veda
hchattaway2a@live.com,Male,Hoebart
sscolland2b@merriam-webster.com,Male,Shurlock
vtompkin2c@devhub.com,Male,Vail
nstoneman2d@umich.edu,Female,Nanete
tscampion2e@ameblo.jp,Female,Theresita
kizachik2f@discovery.com,Non-binary,Karylin
rregus2g@shareasale.com,Male,Romeo
cjeacock2h@meetup.com,Non-binary,Carol
mskotcher2i@tiny.cc,Non-binary,Mikol
emckew2j@google.ca,Male,Earvin
lbolsteridge2k@senate.gov,Male,Levi
nabbey2l@desdev.cn,Female,Ninette
cternent2m@cisco.com,Male,Cully
snorquay2n@loc.gov,Female,Sheba
subsdell2o@etsy.com,Female,Susana
fdibner2p@soup.io,Female,Fayette
amuslim2q@smh.com.au,Genderfluid,Anderea
swaterfield2r@mit.edu,Male,Samuel
adommett2s@nsw.gov.au,Male,Antonino
hbeedle2t@illinois.edu,Female,Harriet
fswedeland2u@canalblog.com,Male,Forrester
maddison2v@pinterest.com,Male,Massimiliano
noxborrow2w@yandex.ru,Female,Nanci
bdelagua2x@mail.ru,Female,Bernette
gmeindl2y@google.it,Male,Granny
hblowfelde2z@pagesperso-orange.fr,Male,Harbert
santoniou30@slideshare.net,Female,Steffie
lronca31@java.com,Female,Lanita
gnaper32@alibaba.com,Male,Gunther
aindgs33@eventbrite.com,Female,Alanah
elecornu34@dagondesign.com,Female,Eolanda
vtitchmarsh35@baidu.com,Female,Valli
gdaintree36@merriam-webster.com,Female,Gus
ffilon37@dion.ne.jp,Male,Frasco
lcrickmoor38@seattletimes.com,Female,Livvy
mlalevee39@buzzfeed.com,Female,Miran
dmahony3a@dailymotion.com,Non-binary,Davita
gnice3b@instagram.com,Female,Gwenore
svicker3c@storify.com,Bigender,Stephie
hcourtenay3d@bravesites.com,Male,Hebert
gwanstall3e@miibeian.gov.cn,Male,Geordie
lallso3f@vkontakte.ru,Male,Leonardo
alodwig3g@mac.com,Agender,Amil
mdrayson3h@stanford.edu,Female,Maritsa
mcleevely3i@fda.gov,Female,Marcelle
jdufaur3j@omniture.com,Bigender,Justen
fbog3k@sitemeter.com,Female,Florinda
jkempstone3l@dailymotion.com,Female,Juieta
rlorimer3m@google.cn,Female,Romonda
fblumfield3n@stanford.edu,Female,Fredrika
hjerzak3o@simplemachines.org,Female,Harri
wcotty3p@netvibes.com,Male,Weider
chadwin3q@adobe.com,Female,Crin
kdrever3r@cargocollective.com,Male,Kip
ncraigie3s@com.com,Female,Nydia
rharmstone3t@flavors.me,Female,Rosanna
cbeebis3u@over-blog.com,Male,Carver
fleeman3v@usda.gov,Female,Fiona
jklimsch3w@acquirethisname.com,Male,Jarrad
troddie3x@unc.edu,Female,Thomasa
tpaulitschke3y@mapy.cz,Male,Titos
rrapin3z@wiley.com,Male,Riobard
kbrewitt40@multiply.com,Male,Kile
ereap41@example.com,Male,Evan
sbrader42@squarespace.com,Male,Sayers
sdinsdale43@dell.com,Male,Sheff
gleedes44@senate.gov,Male,Gasparo
kbonas45@ebay.com,Female,Kristen
csibbson46@marketwatch.com,Genderfluid,Cedric
ssamper47@sakura.ne.jp,Polygender,Stephi
jdentith48@homestead.com,Female,Jodi
lmcclaren49@wordpress.com,Female,Lelah
nduffitt4a@wisc.edu,Male,Nevil
sbairstow4b@weather.com,Female,Shandie
dpancost4c@mysql.com,Female,Dena
ccotelard4d@google.pl,Female,Cathyleen
zgoldwater4e@nyu.edu,Genderfluid,Zed
fheister4f@mozilla.org,Male,Felix
jfullilove4g@netscape.com,Male,Judah
mbisson4h@furl.net,Female,Marlyn
ayve4i@macromedia.com,Female,Alejandra
dromera4j@ed.gov,Female,Darya
ryeomans4k@homestead.com,Male,Raul
zescalero4l@smugmug.com,Female,Zarah
mwaddilove4m@mapy.cz,Female,Modesty
salloway4n@domainmarket.com,Female,Shaina
mpetruskevich4o@indiegogo.com,Female,Marja
rhearmon4p@plala.or.jp,Female,Roxanna
fhalkyard4q@i2i.jp,Male,Franz
roheyne4r@parallels.com,Female,Ronalda
gsandon4s@prlog.org,Female,Geri
pabeles4t@google.ca,Male,Pepillo
rsabathier4u@whitehouse.gov,Male,Reube
fdemaine4v@yellowpages.com,Male,Fernando
hduggon4w@myspace.com,Male,Hersh
mmarguerite4x@so-net.ne.jp,Female,Malvina
mbutt4y@nhs.uk,Female,Muriel
chousin4z@bloomberg.com,Female,Cyndia
scosten50@fda.gov,Male,Sheppard
rdrinkhall51@indiatimes.com,Female,Rose
rpyner52@time.com,Male,Ruperto
mfairhead53@themeforest.net,Female,Mame
cardley54@squidoo.com,Male,Casar
pboner55@guardian.co.uk,Male,Pincus
mrailton56@hp.com,Non-binary,Matt
lmansell57@nationalgeographic.com,Male,Liam
mwarboy58@admin.ch,Male,Mattie
npedler59@163.com,Female,Nerissa
bbrason5a@cocolog-nifty.com,Female,Bibby
lscrace5b@smh.com.au,Female,Leshia
idinley5c@yahoo.co.jp,Male,Izaak
tollerton5d@zimbio.com,Female,Tally
tinstrell5e@theglobeandmail.com,Female,Tobye
xbiskupiak5f@unicef.org,Female,Xenia
mgodrich5g@ow.ly,Male,Matty
lwarren5h@amazon.com,Female,Lea
mnaul5i@booking.com,Male,Mick
cfranzen5j@dell.com,Male,Clair
hlaydel5k@netlog.com,Male,Hashim
dcavendish5l@sitemeter.com,Female,Dredi
jcapponeer5m@soundcloud.com,Female,Jill
gmattosoff5n@chron.com,Male,Gorden
bwaber5o@sogou.com,Female,Bonni
amcgrill5p@amazonaws.com,Female,Aveline
acurtin5q@discovery.com,Female,Anselma
cbartolomeoni5r@scribd.com,Male,Clement
gbeechcraft5s@mashable.com,Male,Gabi
cagiolfinger5t@guardian.co.uk,Female,Celestia
wharbar5u@usatoday.com,Female,Wanids
mrival5v@woothemes.com,Female,Magdaia
dhartzog5w@un.org,Female,Deeanne
okennerley5x@telegraph.co.uk,Female,Olivia
fhruska5y@symantec.com,Female,Florenza
sbarge5z@macromedia.com,Female,Shel
rhanse60@msn.com,Female,Rani
brawlingson61@cargocollective.com,Male,Bat
rhurley62@accuweather.com,Male,Ron
slaxston63@cmu.edu,Female,Savina
spalke64@vk.com,Male,Sauncho
dfaivre65@ovh.net,Female,Domeniga
tbarukh66@nymag.com,Male,Trever
eizhak67@digg.com,Female,Esta
jpinwell68@thetimes.co.uk,Female,Joycelin
lfundell69@answers.com,Female,Lucky
mhouseman6a@smh.com.au,Female,Maude
cstiles6b@arstechnica.com,Male,Clyve
vwohlers6c@google.pl,Male,Valle
hfrigot6d@51.la,Female,Heidie
sscoines6e@slashdot.org,Female,Silva
khannen6f@statcounter.com,Female,Kameko
arijkeseis6g@opensource.org,Female,Adina
kkeable6h@domainmarket.com,Male,Keary
rmulhill6i@freewebs.com,Male,Rad
sjurewicz6j@spotify.com,Male,Sigismundo
ssilcox6k@ning.com,Female,Stefanie
cbattman6l@who.int,Male,Caz
hsnape6m@cbslocal.com,Male,Horace
ndebrett6n@forbes.com,Female,Nonna
jrodrig6o@go.com,Male,Jethro
nfrango6p@usnews.com,Female,Nance
aduny6q@google.it,Female,Anna
lrowlatt6r@posterous.com,Genderfluid,Lizabeth
icarlucci6s@newsvine.com,Female,Imojean
dwarnes6t@paypal.com,Male,Darrel
ktolson6u@pinterest.com,Female,Kelcey
fsmitherham6v@japanpost.jp,Female,Felicdad
cangless6w@purevolume.com,Male,Carl
ssylvester6x@prnewswire.com,Female,Simonne
ccaughan6y@columbia.edu,Female,Cori
mabramowitz6z@sohu.com,Male,Monro
nmoberley70@altervista.org,Non-binary,Norean
lshakelady71@about.me,Female,Letitia
tsadlier72@chronoengine.com,Male,Thibaud
amazella73@naver.com,Male,Alejandro
epresslee74@wikia.com,Male,Edouard
dgemelli75@t.co,Male,Dominik
uatkirk76@ucoz.com,Male,Urson
bunwins77@yellowbook.com,Female,Berthe
gjeanin78@biglobe.ne.jp,Male,Garret
tfrugier79@xrea.com,Female,Teddi
agymlett7a@4shared.com,Female,Arabele
gpool7b@blogs.com,Female,Ginni
balgate7c@newyorker.com,Male,Boonie
schessor7d@seattletimes.com,Male,Saleem
lmackey7e@theatlantic.com,Agender,Linc
kzouch7f@desdev.cn,Female,Kirsten
lgewer7g@soup.io,Male,Lou
mwithams7h@dailymotion.com,Female,Marnie
rizkovitch7i@networkadvertising.org,Polygender,Rickert
gmcavinchey7j@mediafire.com,Female,Gladi
ltayt7k@cbslocal.com,Female,Lynnea
pgodbold7l@tripadvisor.com,Female,Phyllida
pdomniney7m@booking.com,Female,Papagena
bgeeson7n@hc360.com,Male,Banky
rseiler7o@moonfruit.com,Female,Raquela
ssoughton7p@ucla.edu,Female,Sydney
cchaikovski7q@delicious.com,Non-binary,Cullin
wnower7r@squarespace.com,Female,Wynne
nmartino7s@clickbank.net,Female,Nonna
anewson7t@nifty.com,Female,April
tpenhearow7u@latimes.com,Female,Tonie
mworkman7v@spiegel.de,Female,Mada
dchrestien7w@sciencedirect.com,Female,Darryl
emollene7x@umich.edu,Male,Edmund
cashford7y@youtu.be,Agender,Coralie
dbouzan7z@howstuffworks.com,Male,Dame
abeagley80@google.com.br,Female,Alma
hsicha81@mlb.com,Male,Humfried
ddelchecolo82@google.com.au,Male,Davey
kpoyntz83@bing.com,Female,Kimberlee
mklimke84@unesco.org,Female,Marianne
ptrench85@time.com,Male,Pen
ldudmarsh86@nature.com,Male,Loydie
mmeasey87@foxnews.com,Female,Mercy
bbariball88@github.io,Male,Baxy
sdmisek89@github.com,Male,Stefano
mbowlesworth8a@yale.edu,Female,Marylou
cobeney8b@latimes.com,Non-binary,Caria
kmolian8c@4shared.com,Male,Kin
aoganesian8d@mit.edu,Female,Alena
mgulc8e@rambler.ru,Male,Michel
lbeincken8f@netvibes.com,Female,Lory
kcarnduff8g@free.fr,Female,Karlotte
jfennessy8h@hc360.com,Female,Jolee
skovalski8i@ezinearticles.com,Male,Sherwin
hsimond8j@facebook.com,Male,Heinrik
esonschein8k@taobao.com,Female,Etty
tguy8l@utexas.edu,Male,Towney
wcraigmyle8m@istockphoto.com,Male,Willem
atoffanini8n@pinterest.com,Male,Ashlin
lglidder8o@purevolume.com,Female,Letti
asorby8p@imdb.com,Female,Alikee
sdowne8q@technorati.com,Male,Skipper
amollnar8r@telegraph.co.uk,Male,Asa
vgoodbarne8s@cnbc.com,Male,Vaclav
nhedau8t@arizona.edu,Female,Nancey
dtowersey8u@joomla.org,Male,Daniel
wleech8v@bbc.co.uk,Male,Willey
cdeath8w@un.org,Female,Celinka
cathey8x@vimeo.com,Female,Charin
dgraybeal8y@blinklist.com,Male,Dagny
mbeinisch8z@blinklist.com,Female,Marcy
efleisch90@angelfire.com,Male,Erastus
cmckague91@chronoengine.com,Male,Connor
mbenedite92@weather.com,Male,Mark
mrichardon93@dailymotion.com,Female,Mathilde
hveryan94@usgs.gov,Male,Hewitt
csandes95@google.co.jp,Female,Camilla
agetch96@bravesites.com,Male,Abbott
dphinnis97@theguardian.com,Male,Davin
wlarrie98@twitpic.com,Male,Waylan
gmacpherson99@uiuc.edu,Female,Gennie
mclinch9a@plala.or.jp,Male,Mendel
jspadollini9b@springer.com,Male,Jesus
fohingerty9c@oakley.com,Female,Fayth
apattullo9d@clickbank.net,Female,Amalita
nshearsby9e@nps.gov,Female,Nelly
cmcarte9f@scientificamerican.com,Female,Colene
hwindmill9g@skype.com,Male,Horton
ngleder9h@cnbc.com,Genderqueer,Niles
auc9i@slashdot.org,Male,Alford
kklimkov9j@merriam-webster.com,Female,Kizzie
rlavrinov9k@irs.gov,Female,Ruby
icurrie9l@virginia.edu,Female,Inez
spache9m@symantec.com,Female,Sisile
bharrisson9n@google.com,Female,Bill
breader9o@dailymail.co.uk,Male,Beniamino
kfeehery9p@a8.net,Female,Kimberli
ljurasz9q@intel.com,Female,Loella
ngoble9r@tinypic.com,Female,Naoma
amarrow9s@yale.edu,Female,Annecorinne
apassmore9t@gov.uk,Male,Armando
lglison9u@behance.net,Female,Latisha
ghelwig9v@alexa.com,Male,Geoff
mlinder9w@altervista.org,Female,Marieann
gfarlow9x@technorati.com,Female,Geri
bcoombs9y@github.io,Female,Bibbie
tchung9z@jimdo.com,Male,Thornton
jfazziolia0@domainmarket.com,Female,Joana
mboxhilla1@wp.com,Female,Maressa
dfulopa2@cnbc.com,Female,Daria
selsona3@hc360.com,Polygender,Sisely
vwilkisona4@tamu.edu,Male,Von
itodaroa5@virginia.edu,Female,Inger
dcoupara6@posterous.com,Male,Delaney
klghana7@godaddy.com,Male,Karlis
ahenrikssona8@163.com,Male,Avictor
asoana9@cpanel.net,Female,Ardene
hlivenaa@shareasale.com,Male,Hunter
bellsomab@chronoengine.com,Male,Brooks
kredanac@virginia.edu,Male,Kimble
mgaynsfordad@example.com,Male,Mario
mstiegerae@blog.com,Female,Melva
clinforthaf@opensource.org,Male,Corny
dcoleshillag@admin.ch,Female,Dayle
mkeedwellah@mozilla.com,Female,May
cgianilliai@dot.gov,Male,Ciro
wdundonaj@people.com.cn,Female,Winni
ichedzoyak@merriam-webster.com,Female,Idelle
blystal@nps.gov,Female,Brigitte
dmaccarlicham@gnu.org,Female,Deerdre
hbremmellan@discuz.net,Female,Honor
gplanteao@sitemeter.com,Male,Glenden
wrowlandsap@ft.com,Male,Wake
chiggoeaq@disqus.com,Female,Candi
hscrowtonar@columbia.edu,Male,Huey
rlitsteras@eventbrite.com,Male,Raymund
gcurnokkat@sciencedaily.com,Bigender,Gavin
rdorlingau@vinaora.com,Male,Riccardo
bcasaroav@altervista.org,Polygender,Bidget
jmathissenaw@biglobe.ne.jp,Male,Jard
gcraftsax@sogou.com,Male,Gabi
vatkirkay@wikispaces.com,Female,Verna
asmalcombeaz@joomla.org,Female,Ami
abrizellb0@angelfire.com,Female,Allx
bspellecyb1@angelfire.com,Male,Byrann
caltreeb2@mapy.cz,Male,Cornall
rblanninb3@epa.gov,Male,Redford
jtemprellb4@thetimes.co.uk,Male,Jayson
ikippinb5@slideshare.net,Male,Ivar
aandreolettib6@cbslocal.com,Female,Athena
hlakendenb7@epa.gov,Male,Hilario
cabelesb8@cbc.ca,Bigender,Chrystel
lpawelecb9@ftc.gov,Male,Laurence
mmanghamba@123-reg.co.uk,Male,Mattie
sfellneebb@webeden.co.uk,Male,Sayres
hlassenbc@storify.com,Male,Huntington
chaguebd@imageshack.us,Female,Cordelie
edomneybe@cam.ac.uk,Male,Everett
bchisholmebf@elpais.com,Female,Brittani
amccloidbg@paypal.com,Male,Aldridge
lbrawleybh@webs.com,Male,Lanie
eghiroldibi@networksolutions.com,Female,Emmi
cmcdirmidbj@theatlantic.com,Male,Clayborn
cimlachbk@google.com.hk,Genderfluid,Celia
iharmondbl@webnode.com,Female,Inessa
iyabsleybm@reverbnation.com,Female,Irita
bdurdybn@omniture.com,Male,Brigham
mmapstonbo@php.net,Polygender,Maud
pdevalbp@domainmarket.com,Male,Parke
fcolqueranbq@nytimes.com,Genderqueer,Fredra
lgilbankbr@goodreads.com,Bigender,Lewie
roleaghambs@tuttocitta.it,Male,Rafe
gklimkovbt@prnewswire.com,Male,Giacobo
gwasbroughbu@xinhuanet.com,Female,Gilda
okunzlerbv@mac.com,Male,Obadias
jfealtybw@addtoany.com,Female,Joey
dcourtliffbx@quantcast.com,Genderfluid,Dalia
kallibonby@usda.gov,Male,Kermit
pwoodrupbz@sciencedaily.com,Female,Pamelina
mkennellyc0@qq.com,Female,Marge
ijerzykiewiczc1@craigslist.org,Female,Ina
osurmeyersc2@washingtonpost.com,Female,Orsola
cspowardc3@amazon.de,Male,Clyde
pstanlakec4@storify.com,Male,Pincus
sreicharzc5@sbwire.com,Female,Serena
rklainmanc6@utexas.edu,Male,Reilly
ethurlbeckc7@hp.com,Female,Estrella
fgolyc8@earthlink.net,Female,Frankie
sfergusonc9@github.io,Male,Shelden
pwelsbyca@boston.com,Polygender,Pet
uosipovcb@unicef.org,Agender,Ulrikaumeko
dengelcc@google.de,Male,Dewain
lwhittletoncd@arstechnica.com,Male,Lothario
hprisece@census.gov,Female,Heida
kcliffordcf@jiathis.com,Female,Karia
mitzcovichcg@1und1.de,Male,Marten
imeffench@shutterfly.com,Male,Ive
akleinhautci@thetimes.co.uk,Male,Artemus
dhallexcj@blogtalkradio.com,Male,Dael
thoylandck@ifeng.com,Genderfluid,Theodoric
drennisoncl@ameblo.jp,Female,Davine
smackowlecm@digg.com,Female,Stefania
luccellicn@marriott.com,Male,Leeland
egallatlyco@gmpg.org,Female,Elsey
mstivecp@un.org,Female,Misti
dblakescq@privacy.gov.au,Female,Dari
cwilmotcr@slideshare.net,Female,Corilla
lmelwallcs@blinklist.com,Female,Lucienne
sdurtnelct@simplemachines.org,Female,Simonne
vallwoodcu@stanford.edu,Male,Valentino
vgrasercv@bizjournals.com,Genderfluid,Valerye
cmquhargcw@psu.edu,Bigender,Culley
bautycx@jalbum.net,Male,Barret
acantoscy@yahoo.com,Male,Allen
bmaroneycz@reference.com,Female,Becky
mreveleyd0@discuz.net,Female,Maryjo
dspillaned1@smugmug.com,Male,Dilan
lsilbersakd2@mlb.com,Female,Lissie
wdomonkosd3@nsw.gov.au,Female,Winnah
csearsbyd4@marriott.com,Female,Chelsie
wrubinszteind5@wufoo.com,Male,Willem
umckerleyd6@aboutads.info,Male,Upton
cpragnelld7@ox.ac.uk,Female,Catharina
cshevelind8@auda.org.au,Female,Clotilda
dbecklesd9@jalbum.net,Male,Darrick
yhuntleyda@imageshack.us,Male,York
foloughrandb@ebay.co.uk,Male,Ford
brobrowdc@slate.com,Male,Bastien
sloynsdd@mapy.cz,Female,Sibilla
bfaulknerde@dion.ne.jp,Female,Becka
eillemdf@berkeley.edu,Female,Estele
aaykroyddg@mozilla.com,Male,Aldus
ndowdadh@tamu.edu,Male,Neils
rtunneydi@csmonitor.com,Male,Read
plampedj@addthis.com,Female,Penelope
abeckeydk@posterous.com,Female,Abigale
dgydedl@aboutads.info,Male,Darrel
kusherwooddm@tinyurl.com,Female,Kelli
fmcbrierdn@cyberchimps.com,Female,Frank
lchristenedo@com.com,Male,Lesley
hmacshiriedp@microsoft.com,Male,Harlan
lmccurriedq@japanpost.jp,Male,Lucius
hdunphiedr@admin.ch,Genderfluid,Harbert
tpfefferds@edublogs.org,Male,Temp
cmongeotdt@creativecommons.org,Female,Charmane
aborgarsdu@thetimes.co.uk,Male,Allan
bfrankcombdv@miibeian.gov.cn,Male,Burnaby
jsterkedw@samsung.com,Female,Jeannie
randreinidx@themeforest.net,Male,Rawley
lbeckittdy@nasa.gov,Female,Lindsay
ycammdz@fc2.com,Male,Yvor
ldelaharpee0@cpanel.net,Female,Lenka
hforstere1@japanpost.jp,Female,Harriett
olowine2@vistaprint.com,Male,Orrin
agrestiee3@shareasale.com,Male,Arlen
lblacktine4@yolasite.com,Female,Lorena
cmourniane5@mac.com,Female,Consuela
ilovatte6@ft.com,Male,Iorgos
wwhelptone7@trellian.com,Female,Willy
mhannere8@disqus.com,Non-binary,Mathew
laharonie9@microsoft.com,Female,Lorne
rstirleyea@com.com,Male,Roberto
nmalyoneb@indiatimes.com,Female,Nataline
emartyec@bloglines.com,Female,Elissa
fthirlawayed@umn.edu,Female,Flore
eputleyee@oaic.gov.au,Male,Eduard
pphilpottef@bloglovin.com,Male,Pepe
cmaccumiskeyeg@cocolog-nifty.com,Male,Christoph
cmazzeoeh@ameblo.jp,Male,Christopher
bsargeauntei@state.gov,Male,Baxy
csherringtonej@imgur.com,Female,Charlean
bfolkesek@tripod.com,Female,Blythe
desposiel@twitpic.com,Female,Daphene
kmibourneem@etsy.com,Female,Kandy
kramesen@gov.uk,Female,Koral
eriddockeo@cafepress.com,Female,Ede
dmacleanep@shinystat.com,Female,Daisy
yhottoneq@cafepress.com,Male,Yale
emcskeaganer@nbcnews.com,Female,Emmalee
nalentyeves@hubpages.com,Female,Neila
ssereset@rediff.com,Male,Sutton
akubueu@sogou.com,Male,Alf
atroctorev@imgur.com,Female,Adorne
hbramoew@google.com.br,Male,Humbert
clardgeex@sitemeter.com,Female,Corrie
tclarridgeey@mit.edu,Female,Tomi
cquailez@prlog.org,Male,Chic
dtownesf0@meetup.com,Female,Danni
llafayettef1@parallels.com,Female,Lucie
veasterfieldf2@ucla.edu,Male,Vail
rmerrillf3@google.fr,Female,Rosita
bohalloranf4@nydailynews.com,Male,Beltran
mheasemanf5@bloglines.com,Male,Mark
bcaskief6@wiley.com,Male,Burl
gcarnoghanf7@tinypic.com,Male,Gunar
mcreesf8@networkadvertising.org,Female,Morgan
djoinseyf9@geocities.com,Male,Davidson
adevanneyfa@stanford.edu,Female,Abbe
dfilipovicfb@github.io,Female,Domeniga
rsorefc@acquirethisname.com,Polygender,Radcliffe
sphlippifd@cbslocal.com,Agender,Stephie
dconefe@arstechnica.com,Female,Dorice
sioanff@skype.com,Male,Stanislas
dvaltifg@dagondesign.com,Female,Darcy
cshippeyfh@xing.com,Non-binary,Corby
lbaistowfi@diigo.com,Female,Lona
tlaitefj@microsoft.com,Female,Terrijo
mbroseniusfk@amazonaws.com,Genderqueer,Melly
cgonfl@hexun.com,Male,Claire
bbreefm@flavors.me,Male,Ban
mizatsonfn@etsy.com,Female,Mei
icouperfo@skype.com,Female,Iolande
lscolefp@moonfruit.com,Male,Lloyd
gbugbyfq@hubpages.com,Female,Gilda
vrambautfr@si.edu,Female,Veronica
kcongdonfs@theglobeandmail.com,Female,Krista
rpirtft@go.com,Male,Ricoriki
bsharlandfu@dedecms.com,Male,Bernie
fbernfv@buzzfeed.com,Male,Falkner
ywebbefw@macromedia.com,Female,Yevette
bmacconneelyfx@angelfire.com,Female,Brina
gmanicomfy@unblog.fr,Female,Guenevere
mrewcastlefz@accuweather.com,Male,Mitchell
bpedlerg0@usgs.gov,Male,Bryn
dlattieg1@yale.edu,Female,Desdemona
afranzolig2@youtu.be,Male,Andrey
kkerridgeg3@economist.com,Female,Kriste
kforcerg4@businesswire.com,Female,Kristina
stoyerg5@bbc.co.uk,Male,Sanders
lyettsg6@sakura.ne.jp,Male,Lazarus
sandrinig7@list-manage.com,Female,Sharity
ispatarig8@cdbaby.com,Male,Ive
bmadeng9@indiegogo.com,Male,Byrom
flovega@discuz.net,Male,Franciskus
lwhitleygb@scientificamerican.com,Female,Lolita
skliemanngc@dyndns.org,Male,Shurlock
mbalaisongd@netscape.com,Female,Maribelle
courryge@macromedia.com,Male,Chalmers
akellogggf@baidu.com,Polygender,Angie
mskehangg@yandex.ru,Female,Milly
mhammillgh@cnbc.com,Female,Margarette
lnoelgi@chronoengine.com,Male,Lew
rgronavgj@sfgate.com,Female,Renee
kmoretongk@sakura.ne.jp,Female,Kati
aburdellgl@edublogs.org,Female,Austina
gunwingm@naver.com,Male,Garrott
tbrindgn@cdc.gov,Male,Truman
asharmango@boston.com,Female,Ariel
mavrasingp@phpbb.com,Female,Merrily
dmilburnegq@topsy.com,Male,Dorie
lslarkgr@jimdo.com,Female,Lanna
njakoubgs@xing.com,Female,Nettle
asaintsburygt@hc360.com,Male,Arel
lfilppettigu@joomla.org,Female,Lucila
fmapesgv@mlb.com,Female,Fleurette
kbrittangw@icq.com,Female,Karol
htrouelgx@linkedin.com,Male,Herbie
mdiruggerogy@slate.com,Genderfluid,Melicent
lgledergz@theguardian.com,Non-binary,Lelah
dshelborneh0@moonfruit.com,Female,Donny
cbravingtonh1@godaddy.com,Female,Catina
dfaroh2@g.co,Male,Doyle
mharraginh3@free.fr,Female,Marilyn
rtollemacheh4@java.com,Female,Rora
rdedenhamh5@senate.gov,Genderqueer,Riley
hshovelbottomh6@hao123.com,Agender,Hall
gaizikovitzh7@ebay.co.uk,Female,Gabrila
bwingateh8@ehow.com,Female,Babb
pkarchewskih9@soundcloud.com,Male,Preston
crudgeha@livejournal.com,Male,Cedric
nwinsorhb@webnode.com,Male,Nathaniel
coxladehc@bing.com,Female,Caria
kchrestienhd@posterous.com,Male,Kelbee
jdowneyhe@bbb.org,Female,Jeanne
jdychehf@cafepress.com,Female,Juana
vfairfullhg@businesswire.com,Female,Vivie
emccamishhh@lulu.com,Female,Esme
bleveyhi@narod.ru,Female,Blondie
screekhj@oracle.com,Agender,Seka
mpaigehk@chronoengine.com,Male,Matthieu
ecaudellhl@wix.com,Female,Elsinore
blaughtissehm@twitpic.com,Female,Belicia
vknibbhn@myspace.com,Female,Vannie
rhitchensho@mysql.com,Female,Roana
bthomenhp@creativecommons.org,Female,Bonnibelle
krosebothamhq@ucsd.edu,Male,Kipp
lwolfarthr@imgur.com,Female,Leticia
tunitths@java.com,Female,Thekla
lworlinght@ovh.net,Genderqueer,Lalo
bdambrosiohu@sina.com.cn,Male,Baillie
gkristoffersenhv@about.me,Male,Griswold
hmacleesehw@tamu.edu,Female,Hildagarde
vgoodyearhx@cyberchimps.com,Female,Viviana
kgosenellhy@wiley.com,Male,Kiley
gcoleirohz@ow.ly,Female,Georgeanne
oseelbachi0@yellowpages.com,Female,Onida
gmackettricki1@1und1.de,Female,Gert
njoanneti2@buzzfeed.com,Bigender,Nevile
ogirardeaui3@dion.ne.jp,Female,Odille
jchillesi4@quantcast.com,Male,Janek
ztali5@ihg.com,Male,Zacherie
rvictoriai6@issuu.com,Male,Roddie
eshrievesi7@spiegel.de,Female,Elisabeth
ghardwelli8@chron.com,Male,Garrott
pdeferrarii9@washingtonpost.com,Male,Patric
kburchettia@cargocollective.com,Female,Kathryn
whallwardib@wp.com,Male,Walker
bharoweric@go.com,Male,Baird
rsebyerid@twitpic.com,Female,Renie
rmcausleneie@163.com,Female,Regine
ftelezhkinif@smugmug.com,Male,Fernando
stilliardsig@dagondesign.com,Female,Stefania
bavonih@barnesandnoble.com,Male,Boy
lbugdellii@msu.edu,Female,Lynelle
bguionij@google.com.br,Female,Bobbi
ctuerik@lulu.com,Female,Carlene
hgettingsil@squarespace.com,Male,Hugo
rgauchim@foxnews.com,Bigender,Rorie
cgoldthorpin@wordpress.com,Female,Cornelia
aklosaio@squarespace.com,Male,Alair
zlethebridgeip@phpbb.com,Female,Zelma
gmilborniq@discuz.net,Female,Genia
wprangleyir@apache.org,Male,Waldo
cdensonis@sourceforge.net,Male,Cristobal
ecubbiniit@newsvine.com,Male,Eugen
pmctiernaniu@amazon.co.jp,Male,Phil
hduiguidiv@harvard.edu,Male,Hardy
kivainiw@goo.ne.jp,Female,Katha
wpresseyix@washington.edu,Male,Whitby
lkimeiy@tmall.com,Male,Lorrie
bgippsiz@pagesperso-orange.fr,Female,Blondy
bscynerj0@themeforest.net,Male,Berke
dparmanj1@aol.com,Female,Danella
kbarnbyj2@e-recht24.de,Female,Kissee
aitzakj3@pcworld.com,Male,Angel
grungej4@rakuten.co.jp,Non-binary,Gigi
rcolafatej5@diigo.com,Genderqueer,Rebekkah
rhuthartj6@discuz.net,Male,Ransell
etoplisj7@wordpress.org,Male,Ermanno
jgrigoryevj8@whitehouse.gov,Female,Jennee
lhandlingj9@nbcnews.com,Female,L;urette
ichadneyja@joomla.org,Male,Iago
csirmonjb@plala.or.jp,Female,Clara
tpimblottejc@boston.com,Female,Tess
vbastistinijd@miitbeian.gov.cn,Male,Victor
pgallimoreje@oracle.com,Female,Patrice
mvercruyssejf@forbes.com,Non-binary,Mitchell
fdederickjg@mlb.com,Male,Fletch
tjenkenjh@wikia.com,Agender,Tobias
nharteji@live.com,Male,Nick
adinneenjj@drupal.org,Male,Alejoa
gbangjk@i2i.jp,Female,Gloriana
aadneyjl@spotify.com,Female,Anna-diane
csweenyjm@dedecms.com,Male,Cam
syankeevjn@wikispaces.com,Female,Sioux
heglinjo@ebay.co.uk,Male,Hillyer
drookesjp@purevolume.com,Male,Darryl
aosbandjq@yahoo.co.jp,Female,Aindrea
rlufkinjr@linkedin.com,Male,Ruprecht
gchalcroftjs@squarespace.com,Female,Giuditta
bnottingamjt@desdev.cn,Male,Bret
dwhimperju@wufoo.com,Male,Dickie
rlaviesjv@trellian.com,Male,Royal
ddalbeyjw@cdc.gov,Female,Davita
dfalkinderjx@parallels.com,Female,Dotty
bschwiesojy@sphinn.com,Male,Basile
nboanasjz@gov.uk,Male,Neel
jgettenk0@gravatar.com,Female,Jacquelynn
rguillermank1@slideshare.net,Female,Rachel
swalshek2@i2i.jp,Female,Susanna
zjaillerk3@ezinearticles.com,Female,Zonnya
mgascardk4@ustream.tv,Male,Malachi
blansburyk5@nytimes.com,Genderfluid,Brendon
mtrolleyk6@prlog.org,Male,Merwin
jleckiek7@buzzfeed.com,Female,Jelene
wfroudek8@dagondesign.com,Male,Worthy
fgossartk9@fema.gov,Male,Felike
adanbyka@bing.com,Female,Aggi
nstollerykb@blogs.com,Female,Niki
wdoumerkc@wix.com,Female,Willi
nmicallefkd@ebay.com,Male,Nicko
dwickeske@quantcast.com,Male,Dukey
elamartinekf@statcounter.com,Female,Eddi
jgrishankovkg@desdev.cn,Male,Jared
mveeverskh@bbc.co.uk,Male,Mata
hbeldomki@omniture.com,Male,Harbert
jmoresbykj@telegraph.co.uk,Male,Janos
namblerkk@wordpress.com,Male,Noe
kaucourtekl@forbes.com,Female,Kali
sratnagekm@yolasite.com,Female,Suzette
fgraemekn@printfriendly.com,Female,Fionnula
ccoxallko@yahoo.com,Female,Carole
nhufferkp@loc.gov,Male,Nevile
wtrightonkq@histats.com,Polygender,Wendy
csheddankr@addthis.com,Male,Chance
jberringtonks@mtv.com,Female,Janel
rdoncomkt@opensource.org,Female,Reba
hvennku@wisc.edu,Male,Heinrick
bschimonkv@slideshare.net,Male,Barclay
sluipoldkw@mysql.com,Male,Sayre
ebenzieskx@pbs.org,Genderfluid,Elmore
ngietzky@nationalgeographic.com,Female,Nanon
bdawkeskz@weibo.com,Female,Bonita
dasletl0@miitbeian.gov.cn,Female,Danit
bdeleekl1@cdbaby.com,Male,Briggs
crannl2@bbb.org,Male,Cesar
hspofforthl3@networksolutions.com,Male,Horatio
aroelvinkl4@arizona.edu,Male,Angie
ericcioppol5@instagram.com,Male,Eli
tevittsl6@scribd.com,Female,Trude
vfutterl7@geocities.com,Female,Valma
kmckeurtanl8@oracle.com,Female,Koo
lbutlandl9@bloglovin.com,Female,Leanna
tbarthla@nasa.gov,Male,Torrence
mheartlb@woothemes.com,Male,Moe
smorganlc@goo.gl,Male,Sven
vmaciald@unc.edu,Female,Veronike
rcristofalole@unc.edu,Male,Rutherford
jjedrachowiczlf@digg.com,Female,Jacklin
abendellg@issuu.com,Male,Ancell
rlivicklh@uiuc.edu,Male,Rickert
egarahanli@delicious.com,Male,Erhard
jsimanlj@nytimes.com,Male,Joe
clynocklk@angelfire.com,Female,Cammie
rblackbroughll@statcounter.com,Male,Roi
ihazzardlm@cam.ac.uk,Male,Ilario
bshervingtonln@stumbleupon.com,Male,Basile
oelleraylo@ucla.edu,Male,Omar
ktruemanlp@google.it,Female,Kira
arodgierlq@geocities.jp,Female,Anett
fbaynhamlr@tinyurl.com,Female,Feliza
bjantzenls@pinterest.com,Male,Beaufort
klaurensonlt@paginegialle.it,Male,Kane
aspinellalu@theglobeandmail.com,Female,Adriaens
adooheylv@oracle.com,Male,Adan
marguilelw@abc.net.au,Male,Maison
ncarmanlx@twitter.com,Female,Nathalia
rbarthelemyly@a8.net,Female,Rania
balfusolz@deviantart.com,Female,Bernadette
rjiracekm0@wufoo.com,Male,Ruperto
lsapsfordm1@yelp.com,Male,Lindsay
lkieltym2@over-blog.com,Female,Lissa
gfranklenm3@mysql.com,Male,Gabby
bbertwistlem4@blogspot.com,Male,Boonie
lclausenthuem5@oracle.com,Genderqueer,Lorene
plambism6@nsw.gov.au,Genderfluid,Penelope
mbirrellm7@intel.com,Male,Mose
nstiegarm8@taobao.com,Male,Niel
clowaterm9@yale.edu,Agender,Cornelia
crolancema@yale.edu,Genderqueer,Corey
fstallenmb@istockphoto.com,Male,Finn
rpoatemc@surveymonkey.com,Male,Rooney
esabbenmd@tinypic.com,Male,Erick
tdavenhillme@gov.uk,Female,Tina
mcroiziermf@google.nl,Male,Marco
aduthymg@mozilla.org,Male,Antons
phuccabymh@washingtonpost.com,Male,Prentiss
gmcinerneymi@indiatimes.com,Female,Gale
kcarvermj@de.vu,Male,Kendal
hchildesmk@hud.gov,Female,Hollyanne
msansunml@howstuffworks.com,Male,Myron
akayzermm@squarespace.com,Female,Arabele
tspiresmn@craigslist.org,Female,Tatiana
fkretschmermo@bbc.co.uk,Male,Farr
fgimsonmp@biglobe.ne.jp,Female,Frankie
elacemq@godaddy.com,Male,Errol
wmanueaumr@shinystat.com,Male,Woody
etorryms@delicious.com,Male,Enrique
amenicombmt@amazon.com,Male,Aldis
bmeedendorpemu@nih.gov,Male,Ber
gtolladymv@deliciousdays.com,Female,Georgeanne
mstarbuckemw@pinterest.com,Female,Maureene
amcmurrughmx@blogtalkradio.com,Male,Alastair
bmapholmmy@smugmug.com,Male,Bartram
hgianneschimz@chron.com,Female,Hyacinthe
cbultern0@arizona.edu,Male,Cece
wwestrawn1@joomla.org,Male,Walton
bfoskettn2@mlb.com,Male,Byran
bvannern3@google.es,Male,Bryant
sfilann4@senate.gov,Male,Sargent
jmackilpatrickn5@sciencedaily.com,Agender,Jerrome
asapsfordn6@wikia.com,Female,Auria
dstepton7@ifeng.com,Female,Dorthea
lculrossn8@smh.com.au,Female,Lanny
tblaisdelln9@addthis.com,Male,Tanney
gdrynanna@example.com,Male,Guthry
rquakleynb@ehow.com,Female,Rosemonde
tmcgibbonnc@netvibes.com,Non-binary,Terence
mlinsteadnd@google.com.hk,Female,Melony
shortopne@soup.io,Female,Sherry
ddabbotdoylenf@youtu.be,Female,Danice
grollittng@ihg.com,Female,Ginny
nrodearnh@aboutads.info,Male,Nevin
kriddeni@vistaprint.com,Female,Kristin
kbinghamnj@icio.us,Female,Kath
cshadwicknk@jiathis.com,Polygender,Carry
thackingenl@artisteer.com,Male,Theobald
gcescottinm@i2i.jp,Female,Glori
classellsnn@360.cn,Female,Corabel
dscrannageno@netscape.com,Male,Der
jtreblenp@jalbum.net,Female,Jewelle
jraubenheimersnq@columbia.edu,Female,Johanna
adenisonr@time.com,Genderqueer,Aloin
ctollns@soup.io,Female,Corie
gholmyardnt@ask.com,Female,Geralda
rwoodesnu@fotki.com,Male,Rafferty
rrobesonnv@reference.com,Female,Ruth
toswalnw@hhs.gov,Male,Tate
jfergusonnx@wisc.edu,Female,Joelie
adacombeny@ox.ac.uk,Female,Amalia
didneynz@goo.ne.jp,Female,Dayle
sweyo0@alibaba.com,Male,Sayer
gmartinellio1@ezinearticles.com,Female,Ginevra
ograingeo2@examiner.com,Female,Oona
kmccarthyo3@topsy.com,Female,Keeley
dmoulstero4@weibo.com,Female,Darcey
rmarloweo5@yelp.com,Bigender,Robinetta
ccheyenneo6@skype.com,Genderfluid,Christophorus
rsparhamo7@discuz.net,Female,Rori
bsatyfordo8@unblog.fr,Agender,Berton
jbedminstero9@reddit.com,Male,Jasun
efoortoa@arstechnica.com,Male,Estevan
hfindleyob@youtu.be,Male,Hamlin
cferrynoc@gravatar.com,Female,Cassey
nharriesod@globo.com,Agender,Nicoli
mchristauffouroe@51.la,Male,Morry
iwebbornof@themeforest.net,Agender,Issi
xmanstonog@booking.com,Male,Xerxes
gfroggattoh@studiopress.com,Female,Gabi
bcannelloi@businesswire.com,Female,Bell
franniganoj@narod.ru,Female,Faith
showgillok@mozilla.com,Male,Stanislaw
cshoosmithol@ox.ac.uk,Male,Clementius
atouzeyom@vimeo.com,Female,Ameline
baizikovichon@cbc.ca,Male,Brooke
cdrakardoo@auda.org.au,Female,Consuela
fhucksterop@fema.gov,Male,Franz
cmayeroq@dot.gov,Male,Case
mforesightor@go.com,Male,Manolo
phabgoodos@sina.com.cn,Polygender,Perry
cweberot@blogspot.com,Male,Craggie
gdriffillou@sun.com,Male,Giffer
ekhristoforovov@parallels.com,Bigender,Edita
nboylanow@washington.edu,Male,Nil
ahyamox@ocn.ne.jp,Male,Ahmad
plidgleyoy@mtv.com,Male,Paco
flouedeyoz@mozilla.com,Male,Francklyn
morpenp0@omniture.com,Female,Marin
nvatcherp1@ow.ly,Polygender,Nathaniel
aeslandp2@phpbb.com,Male,Alley
amendozap3@livejournal.com,Female,Abbie
hrominovp4@wikipedia.org,Male,Harry
tsimonnotp5@scribd.com,Genderfluid,Timmie
mbowlep6@berkeley.edu,Female,Modesty
acrisallp7@mozilla.org,Female,Anne-corinne
jbirdenp8@sciencedaily.com,Male,Joachim
awhanstallp9@noaa.gov,Male,Abdul
msollowaypa@t-online.de,Male,Mendy
rottiwillpb@ucoz.ru,Male,Rhett
lethridgepc@cbslocal.com,Male,Lay
cbottomorepd@wix.com,Male,Crosby
gbutterype@nhs.uk,Male,Gail
ahundeypf@microsoft.com,Female,Alisa
aoventonpg@hc360.com,Female,Annalise
lphaupph@state.tx.us,Male,Lek
rmickleboroughpi@surveymonkey.com,Male,Ringo
vbellinopj@a8.net,Male,Vinson
rmccawpk@who.int,Genderfluid,Rosemarie
nameypl@last.fm,Female,Natka
ctamespm@ucoz.ru,Female,Cathrine
ldjordjevicpn@wiley.com,Female,Laural
ascollickpo@barnesandnoble.com,Male,Alasdair
lcanedopp@columbia.edu,Male,Luca
fsomerspq@spiegel.de,Male,Fitz
iharewoodpr@google.pl,Male,Izaak
cmccomasps@cloudflare.com,Female,Christen
bspeedinpt@posterous.com,Male,Byram
jwainpu@fc2.com,Male,Jarid
pmandersonpv@indiegogo.com,Male,Poul
atorrejonpw@skype.com,Male,Alonso
cpimblottpx@hc360.com,Female,Cristina
ameacherpy@sun.com,Bigender,Arte
oandriulispz@hud.gov,Female,Orelee
macarsonq0@kickstarter.com,Female,Melba
jculpenq1@ifeng.com,Genderqueer,Jarrett
astrelitzkiq2@tmall.com,Female,Ardine
mbernardesq3@newyorker.com,Male,Morse
gwagonq4@dmoz.org,Female,Giacinta
bacasterq5@wordpress.org,Male,Benyamin
gbellewq6@salon.com,Male,Grantley
rhullahq7@bluehost.com,Female,Ralina
bcreekq8@admin.ch,Female,Brook
timlawq9@toplist.cz,Male,Tamas
mkarpfenqa@redcross.org,Female,Mozelle
arozetqb@ucsd.edu,Female,Aviva
carmandqc@jigsy.com,Female,Caitlin
fbennisonqd@geocities.jp,Male,Forester
sheatlieqe@altervista.org,Female,Stesha
oduckelsqf@sakura.ne.jp,Agender,Orson
pwimpressqg@tinyurl.com,Male,Patrick
kbenfordqh@whitehouse.gov,Female,Korry
dlindupqi@msu.edu,Female,Darcy
dfoffanoqj@jigsy.com,Female,Daniella
cmeronqk@cmu.edu,Male,Callean
dberkleyql@deviantart.com,Female,Dennie
tvannerqm@photobucket.com,Agender,Tammie
cwildberqn@mapy.cz,Male,Colver
rgoodacreqo@t-online.de,Male,Romeo
skieltqp@bandcamp.com,Male,Skippie
mbeinckenqq@sbwire.com,Female,Maegan
echarrettqr@toplist.cz,Female,Emmi
jbeechamqs@epa.gov,Male,Jeremias
cbelvardqt@digg.com,Male,Constantin
claurencequ@jugem.jp,Non-binary,Christiane
mferqv@tinyurl.com,Female,Marabel
mdudleyqw@yellowpages.com,Male,Mohandas
sheckleqx@twitpic.com,Male,Stefan
amalleyqy@redcross.org,Male,Arin
lscraggsqz@accuweather.com,Male,Lanny
mheamusr0@nsw.gov.au,Female,Marcellina
ggullr1@abc.net.au,Male,Giovanni
bdickmanr2@g.co,Female,Bernadine
lventonr3@woothemes.com,Female,Liz
hhowlingsr4@aol.com,Male,Hanson
kstephensr5@cafepress.com,Female,Keeley
bbuxtonr6@craigslist.org,Female,Blanche
fmatysr7@springer.com,Male,Franchot
ccrawforthr8@sourceforge.net,Male,Chaddy
gantonoyevr9@g.co,Male,Gaspar
wshillaberra@samsung.com,Male,Whittaker
ddobbingsrb@liveinternet.ru,Male,Dale
hodonoghuerc@ocn.ne.jp,Female,Hedvig
iredfearnrd@va.gov,Male,Izaak
rsawreyre@nymag.com,Male,Reuven
gharrinsonrf@skype.com,Female,Gabi
ggivensrg@hp.com,Female,Genia
eantoniettirh@joomla.org,Female,Emmalee
hlandyri@cbsnews.com,Male,Hoyt
gfontellesrj@nasa.gov,Male,Georgi
hcomfortrk@homestead.com,Male,Holt
gmocklerrl@wufoo.com,Female,Goldia
enealyrm@yellowbook.com,Female,Eugenia
eburchallrn@cbslocal.com,Female,Edythe
mhadgraftro@shinystat.com,Male,Miller
tberminghamrp@ustream.tv,Female,Tanya
aalessandrettirq@comcast.net,Female,Arielle
pgetcliffrr@devhub.com,Female,Pippy
