first,email
Lottie,le@teole.cd
Emily,gujca@jaguh.ad
Leah,taj@botpe.md
Johnny,cahhu@japjes.dm
Barry,gu@siri.es
Gussie,tucca@vemse.pk
Marion,wav@cadhanag.bg
Alan,hajamoj@macuk.sd
Derek,woap@notvigpav.co.uk
Nathaniel,utahab@retma.vi
Theresa,sudibje@moumalap.bz
Glen,nak@na.at
Madge,egezujsid@eg.il
Georgie,davlawmeg@suh.er
Joel,wipup@lip.ls
Calvin,vaf@zolsaccad.mr
Harold,tim@gelur.ne
Jon,zeh@hukzo.mu
Nina,vibat@ni.tw
Mina,podhenap@ti.co
Harry,hacu@sukmuf.mm
Garrett,orzu@vivguja.mx
Johanna,jiblibbu@eze.pt
Brandon,sehafilu@vudgoc.re
Etta,uzho@howoh.jo
Edward,wutatsiz@bi.sl
Lola,etupa@uku.er
Ruby,isiwawo@piwdis.ls
Timothy,mocipi@dateja.gf
Dennis,hekzevcoz@gu.gd
Cecelia,ib@ofcuzal.kz
Roger,ar@ekbic.je
Beatrice,jushuki@kic.tv
Amelia,ma@vi.bw
Sylvia,be@ni.pm
Dustin,lan@disra.mz
Ivan,ti@faznardef.as
Eleanor,jocpek@kupauz.be
Vincent,hah@tuzfu.nf
John,micizif@osoime.mq
Evelyn,ejuunnir@kutowel.dj
Dale,ucuok@topawef.ae
Luis,zulacna@gufsige.mr
Ina,fa@ulel.lr
Isabella,va@jaevi.kh
Olive,meg@litdin.ba
Hilda,gapju@roopgi.la
George,cicavvo@vo.sm
Alejandro,jun@muldob.bq
Scott,oca@seho.pm
Myrtle,ohozsev@rawpore.it
Mathilda,guanater@jididow.edu
May,dicvu@rolbeprel.kg
Bernard,fajo@cujikpos.rw
Willie,muw@donfajig.gov
Bernice,viwvuje@soz.lu
Vera,mo@eherovat.bb
Mattie,ansak@sut.ni
Beulah,tamukuf@aj.pf
Miguel,ovitenosi@nunubogu.edu
Vera,la@vujgibeb.qa
Shawn,si@tehib.cr
Gussie,hanal@gozobuete.fj
Belle,lugegse@zulva.nc
Winifred,erteet@adevevov.id
Jesse,depebur@fesipaj.cx
Rose,ade@kope.ie
Eliza,ge@hu.bh
Sarah,uluge@kenmal.cw
Anthony,ruute@umiigo.us
Lou,tasujaw@me.iq
Carlos,edo@baereju.bh
Bertha,et@vew.aq
Matilda,fopjih@huesecej.cd
Susie,ru@zekatta.uy
Erik,otomzo@ca.mk
Claudia,povudza@gumo.ml
Mabel,ki@ke.bq
Florence,ajouwi@pat.hk
Gordon,hu@ca.uz
Brent,na@lutul.lr
Leonard,evo@keh.km
Jay,agur@oji.fi
Olga,pirsertar@leutu.bg
Sue,ivpes@foilcaf.ai
Chad,beg@fahmeuv.am
Margaret,dekasozod@saga.an
Chad,piwvopaf@pida.va
Rosa,za@ifjef.ck
Danny,mire@semfawo.md
Allen,keufdi@ki.an
Hilda,zoptek@tug.no
Floyd,nautihiz@wutegpop.bw
Leah,zalig@wojig.by
Genevieve,usacotpi@bat.uz
Roy,lekadre@ar.ro
Tyler,hucedse@timbuit.to
Allie,wih@ji.lu
Beulah,soz@wajusaap.sd
Maria,vaspedzu@lewnu.sv
